use Library_System;

/* Authors */
insert into authors (id, name, email, country, created_at, updated_at) values
(1, 'Ahmad', 'ahmad@gmail.com', 'Pakistan', '2024-01-01', '2024-01-01'),
(2, 'Subhan', 'subhan@gmail.com', 'Pakistan', '2024-01-01', '2024-01-01'),
(3, 'Ali', 'ali@gmail.com', 'England', '2024-01-01', '2024-01-01'),
(4, 'Minahil', 'minahil@gmail.com', 'Germany', '2024-01-01', '2024-01-01'),
(5, 'Rafay', 'rafay@gmail.com', 'Pakistan', '2024-01-01', '2024-01-01'),
(6, 'Abdul Ahad', 'abdulahad@gmail.com', 'Pakistan', '2024-01-01', '2024-01-01'),
(7, 'Hamza', 'hamza@gmail.com', 'USA', '2024-01-01', '2024-01-01'),
(8, 'Hafsa', 'hafsa@gmail.com', 'France', '2024-01-01', '2024-01-01'),
(9, 'Anas', 'anas@gmail.com', 'Pakistan', '2024-01-01', '2024-01-01'),
(10, 'Mustafa', 'mustafa@mail.com', 'Canada', '2024-01-01', '2024-01-01');

/* Category */
insert into category (id, name, description, created_at, updated_at) values
(1, 'Technology', 'Advancement and modernization', '2024-01-01', '2024-01-01'),
(2, 'Computer Science', 'Information about hardware and software', '2024-01-01', '2024-01-01'),
(3, 'Engineering', 'Information about different types of engineering', '2024-01-01', '2024-01-01'),
(4, 'Drama', 'Thrill,revenge,romance,adventure', '2024-01-01', '2024-01-01'),
(5, 'History', 'Culture,Tradition and customs', '2024-01-01', '2024-01-01');

/* Books */
insert into books (id, title, isbn, published_year, author_id, category_id, created_at, updated_at) values
(1, 'The Code Book', '1', '1990-01-01', 10, 1, '2024-01-01', '2024-01-01'),
(2, 'Sapiens', '2', '1995-01-01', 9, 1, '2024-01-01', '2024-01-01'),
(3, 'The Shallows', '3', '1981-01-01', 8, 1, '2024-01-01', '2024-01-01'),
(4, 'Weapons of Math destruction', '4', '1985-01-01', 7, 1, '2024-01-01', '2024-01-01'),
(5, 'Zero to One', '5', '1970-01-01', 6, 1, '2024-01-01', '2024-01-01'),
(6, 'The Innovator', '6', '1975-01-01', 5, 1, '2024-01-01', '2024-01-01'),
(7, 'Introduction to algorithms', '7', '2004-01-01', 4, 2, '2024-01-01', '2024-01-01'),
(8, 'Clean Code', '8', '2007-01-01', 3, 2, '2024-01-01', '2024-01-01'),
(9, 'Computer Systems', '9', '1955-01-01', 2, 2, '2024-01-01', '2024-01-01'),
(10, 'The Pragmatic Programmer', '10', '1950-01-01', 1, 2, '2024-01-01', '2024-01-01'),
(11, 'Stryucture of Computer Programs', '11', '1986-01-01', 10, 2, '2024-01-01', '2024-01-01'),
(12, 'Code', '12', '1988-01-01', 9, 2, '2024-01-01', '2024-01-01'),
(13, 'The design of everyday things', '13', '2007-01-01', 8, 3, '2024-01-01', '2024-01-01'),
(14, 'To engineer is human', '14', '2000-01-01', 7, 3, '2024-01-01', '2024-01-01'),
(15, 'Shunk works', '15', '2002-01-01', 6, 3, '2024-01-01', '2024-01-01'),
(16, 'Why things dont fall down?', '16', '2017-01-01', 5, 3, '2024-01-01', '2024-01-01'),
(17, 'The Toyota Way', '17', '1979-01-01', 4, 3, '2024-01-01', '2024-01-01'),
(18, 'Engineering', '18', '1992-01-01', 3, 3, '2024-01-01', '2024-01-01'),
(19, 'Hamlet', '19', '1943-01-01', 2, 4, '2024-01-01', '2024-01-01'),
(20, 'A Streetcar named desire', '20', '1952-01-01', 1, 4, '2024-01-01', '2024-01-01'),
(21, 'Death of a Salesman', '21', '1961-01-01', 10, 4, '2024-01-01', '2024-01-01'),
(22, 'A Doll House', '22', '1995-01-01', 9, 4, '2024-01-01', '2024-01-01'),
(23, 'Long Day Journey to Night', '23', '2000-01-01', 8, 4, '2024-01-01', '2024-01-01'),
(24, 'The Glass', '24', '2010-01-01', 7, 4, '2024-01-01', '2024-01-01'),
(25, 'History of Mankind', '25', '1955-01-01', 6, 5, '2024-01-01', '2024-01-01'),
(26, 'Guns,Germs and Steel', '26', '2010-01-01', 5, 5, '2024-01-01', '2024-01-01'),
(27, 'People view of US', '27', '2017-01-01', 4, 5, '2024-01-01', '2024-01-01'),
(28, 'The Guns of August', '28', '2014-01-01', 3, 5, '2024-01-01', '2024-01-01'),
(29, 'SPQR', '29', '1990-01-01', 2, 5, '2024-01-01', '2024-01-01'),
(30, 'The Silk Roads', '30', '1965-01-01', 1, 5, '2024-01-01', '2024-01-01');

/* Borrowers */
insert into borrowers (id, name, email, phone, address, created_at, updated_at) values
(1, 'Moosa', 'moosa@gmail.com', '03001234567', 'house no 1,Garhi Shaw', '2024-01-01', '2024-01-01'),
(2, 'Usman', 'usman@gmail.com', '03011234567', 'house no 1,Garhi Shaw', '2024-01-01', '2024-01-01'),
(3, 'Sheharyar', 'sheharyar@gmail.com', '03004192830', 'house no 2,Park View', '2024-01-01', '2024-01-01'),
(4, 'Iqra', 'iqra@gmail.com', '03031234567', 'House no 3,Samanabad', '2024-01-01', '2024-01-01'),
(5, 'Zain', 'zain@gmail.com', '03041234567', 'House no 4,Park View', '2024-01-01', '2024-01-01'),
(6, 'Nimra', 'nimra@gmail.com', '03051234567', 'House no 5,Hassan Town', '2024-01-01', '2024-01-01'),
(7, 'Hassam', 'hassam@gmail.com', '03061234567', 'House no 4,Park View', '2024-01-01', '2024-01-01'),
(8, 'Taha', 'taha@gmail.com', '03071234567', 'House no 7,Rehman Pura', '2024-01-01', '2024-01-01'),
(9, 'Fahad', 'fahad@gmail.com', '03081234567', 'House no 8,Park View', '2024-01-01', '2024-01-01'),
(10, 'Adil', 'adil@gmail.com', '03091234567', 'House no 9,Iqbal Town', '2024-01-01', '2024-01-01');

/* Borrow Records */
insert into borrow_records (id, book_id, borrower_id, borrow_date, return_date, status, created_at, updated_at) values
(1, 1, 1, '2024-02-01', '2024-02-10', 'returned', '2024-02-01', '2024-02-10'),
(2, 2, 2, '2024-02-02', '2024-02-11', 'returned', '2024-02-02', '2024-02-11'),
(3, 3, 3, '2024-02-03', '2024-02-10', 'borrowed', '2024-02-03', '2024-02-03'),
(4, 4, 4, '2024-02-04', '2024-02-13', 'returned', '2024-02-04', '2024-02-13'),
(5, 5, 5, '2024-02-05', '2024-02-11', 'borrowed', '2024-02-05', '2024-02-05'),
(6, 6, 6, '2024-02-06', '2024-02-15', 'returned', '2024-02-06', '2024-02-15'),
(7, 7, 7, '2024-02-07', '2024-02-7', 'overdue', '2024-02-07', '2024-02-07'),
(8, 8, 8, '2024-02-08', '2024-02-17', 'returned', '2024-02-08', '2024-02-17'),
(9, 9, 9, '2024-02-09', '2024-02-11', 'borrowed', '2024-02-09', '2024-02-09'),
(10, 10, 10, '2024-02-10', '2024-02-19', 'returned', '2024-02-10', '2024-02-19'),
(11, 11, 1, '2024-02-11', '2024-02-13', 'borrowed', '2024-02-11', '2024-02-11'),
(12, 12, 2, '2024-02-12', '2024-02-21', 'returned', '2024-02-12', '2024-02-21'),
(13, 13, 3, '2024-02-13', '2024-02-14', 'overdue', '2024-02-13', '2024-02-13'),
(14, 14, 4, '2024-02-14', '2024-02-23', 'returned', '2024-02-14', '2024-02-23'),
(15, 15, 5, '2024-02-15', '2024-02-17', 'borrowed', '2024-02-15', '2024-02-15'),
(16, 16, 6, '2024-02-16', '2024-02-25', 'returned', '2024-02-16', '2024-02-25'),
(17, 17, 7, '2024-02-17', '2024-02-19', 'borrowed', '2024-02-17', '2024-02-17'),
(18, 18, 8, '2024-02-18', '2024-02-27', 'returned', '2024-02-18', '2024-02-27'),
(19, 19, 9, '2024-02-19','2024-02-20', 'overdue', '2024-02-19', '2024-02-19'),
(20, 20, 10, '2024-02-20', '2024-02-29', 'returned', '2024-02-20', '2024-02-29'),
(21, 21, 1, '2024-02-21','2024-02-24', 'borrowed', '2024-02-21', '2024-02-21'),
(22, 22, 2, '2024-02-22', '2024-03-02', 'returned', '2024-02-22', '2024-03-02'),
(23, 23, 3, '2024-02-23', '2024-02-25', 'borrowed', '2024-02-23', '2024-02-23'),
(24, 24, 4, '2024-02-24', '2024-03-04', 'returned', '2024-02-24', '2024-03-04'),
(25, 25, 5, '2024-02-25', '2024-02-17', 'overdue', '2024-02-25', '2024-02-25'),
(26, 26, 6, '2024-02-26', '2024-03-06', 'returned', '2024-02-26', '2024-03-06'),
(27, 27, 7, '2024-02-27', '2024-02-29', 'borrowed', '2024-02-27', '2024-02-27'),
(28, 28, 8, '2024-02-28', '2024-03-08', 'returned', '2024-02-28', '2024-03-08'),
(29, 29, 9, '2024-02-29', '2024-03-2', 'borrowed', '2024-02-29', '2024-02-29'),
(30, 30, 10, '2024-03-01', '2024-03-10', 'returned', '2024-03-01', '2024-03-10'),
(31, 1, 2, '2024-03-02', '2024-03-11', 'borrowed', '2024-03-02', '2024-03-02'),
(32, 2, 3, '2024-03-03', '2024-03-12', 'returned', '2024-03-03', '2024-03-12'),
(33, 3, 4, '2024-03-04', '2024-03-11', 'overdue', '2024-03-04', '2024-03-04'),
(34, 4, 5, '2024-03-05', '2024-03-14', 'returned', '2024-03-05', '2024-03-14'),
(35, 5, 6, '2024-03-06', '2024-03-11', 'borrowed', '2024-03-06', '2024-03-06'),
(36, 6, 7, '2024-03-07', '2024-03-16', 'returned', '2024-03-07', '2024-03-16'),
(37, 7, 8, '2024-03-08', '2024-03-11', 'borrowed', '2024-03-08', '2024-03-08'),
(38, 8, 9, '2024-03-09', '2024-03-18', 'returned', '2024-03-09', '2024-03-18'),
(39, 9, 10, '2024-03-10', '2024-03-11', 'overdue', '2024-03-10', '2024-03-10'),
(40, 10, 1, '2024-03-11', '2024-03-20', 'returned', '2024-03-11', '2024-03-20');
